year,mean_anomaly_celsius,months
1880,-0.1791666666666666666666666667,12
1881,-0.09166666666666666666666666667,12
1882,-0.115,12
1883,-0.18,12
1884,-0.285,12
1885,-0.3391666666666666666666666667,12
1886,-0.32,12
1887,-0.3666666666666666666666666667,12
1888,-0.18,12
1889,-0.1133333333333333333333333333,12
1890,-0.3616666666666666666666666667,12
1891,-0.2291666666666666666666666667,12
1892,-0.2783333333333333333333333333,12
1893,-0.3158333333333333333333333333,12
1894,-0.3091666666666666666666666667,12
1895,-0.23,12
1896,-0.1191666666666666666666666667,12
1897,-0.1158333333333333333333333333,12
1898,-0.2816666666666666666666666667,12
1899,-0.1816666666666666666666666667,12
1900,-0.0875,12
1901,-0.1575,12
1902,-0.2866666666666666666666666667,12
1903,-0.3758333333333333333333333333,12
1904,-0.4816666666666666666666666667,12
1905,-0.27,12
1906,-0.2283333333333333333333333333,12
1907,-0.3891666666666666666666666667,12
1908,-0.4341666666666666666666666667,12
1909,-0.4933333333333333333333333333,12
1910,-0.4433333333333333333333333333,12
1911,-0.4508333333333333333333333333,12
1912,-0.375,12
1913,-0.3575,12
1914,-0.1666666666666666666666666667,12
1915,-0.1483333333333333333333333333,12
1916,-0.365,12
1917,-0.4641666666666666666666666667,12
1918,-0.3025,12
1919,-0.2783333333333333333333333333,12
1920,-0.2783333333333333333333333333,12
1921,-0.1916666666666666666666666667,12
1922,-0.2841666666666666666666666667,12
1923,-0.2658333333333333333333333333,12
1924,-0.2691666666666666666666666667,12
1925,-0.2216666666666666666666666667,12
1926,-0.1083333333333333333333333333,12
1927,-0.22,12
1928,-0.2016666666666666666666666667,12
1929,-0.3625,12
1930,-0.16,12
1931,-0.09416666666666666666666666667,12
1932,-0.1616666666666666666666666667,12
1933,-0.2883333333333333333333333333,12
1934,-0.1283333333333333333333333333,12
1935,-0.2016666666666666666666666667,12
1936,-0.1516666666666666666666666667,12
1937,-0.03333333333333333333333333333,12
1938,-0.005833333333333333333333333333,12
1939,-0.02416666666666666666666666667,12
1940,0.1216666666666666666666666667,12
1941,0.18,12
1942,0.06166666666666666666666666667,12
1943,0.08583333333333333333333333333,12
1944,0.2016666666666666666666666667,12
1945,0.095,12
1946,-0.0725,12
1947,-0.02833333333333333333333333333,12
1948,-0.1083333333333333333333333333,12
1949,-0.1108333333333333333333333333,12
1950,-0.175,12
1951,-0.07,12
1952,0.01,12
1953,0.08,12
1954,-0.1325,12
1955,-0.14,12
1956,-0.1891666666666666666666666667,12
1957,0.0475,12
1958,0.05916666666666666666666666667,12
1959,0.03083333333333333333333333333,12
1960,-0.025,12
1961,0.05666666666666666666666666667,12
1962,0.03083333333333333333333333333,12
1963,0.05416666666666666666666666667,12
1964,-0.1991666666666666666666666667,12
1965,-0.1066666666666666666666666667,12
1966,-0.0575,12
1967,-0.02416666666666666666666666667,12
1968,-0.0825,12
1969,0.0525,12
1970,0.0275,12
1971,-0.07916666666666666666666666667,12
1972,0.009166666666666666666666666667,12
1973,0.1608333333333333333333333333,12
1974,-0.07166666666666666666666666667,12
1975,-0.01333333333333333333333333333,12
1976,-0.0975,12
1977,0.1783333333333333333333333333,12
1978,0.06666666666666666666666666667,12
1979,0.1641666666666666666666666667,12
1980,0.2558333333333333333333333333,12
1981,0.3233333333333333333333333333,12
1982,0.1391666666666666666666666667,12
1983,0.315,12
1984,0.155,12
1985,0.1183333333333333333333333333,12
1986,0.18,12
1987,0.3216666666666666666666666667,12
1988,0.39,12
1989,0.2741666666666666666666666667,12
1990,0.4491666666666666666666666667,12
1991,0.4075,12
1992,0.2241666666666666666666666667,12
1993,0.2333333333333333333333333333,12
1994,0.3158333333333333333333333333,12
1995,0.4475,12
1996,0.3341666666666666666666666667,12
1997,0.4675,12
1998,0.6091666666666666666666666667,12
1999,0.3825,12
2000,0.3933333333333333333333333333,12
2001,0.5333333333333333333333333333,12
2002,0.6275,12
2003,0.6166666666666666666666666667,12
2004,0.5341666666666666666666666667,12
2005,0.6791666666666666666666666667,12
2006,0.6408333333333333333333333333,12
2007,0.6641666666666666666666666667,12
2008,0.5433333333333333333333333333,12
2009,0.6558333333333333333333333333,12
2010,0.7241666666666666666666666667,12
2011,0.6075,12
2012,0.6466666666666666666666666667,12
2013,0.6766666666666666666666666667,12
2014,0.7491666666666666666666666667,12
2015,0.8983333333333333333333333333,12
2016,1.0125,12
2017,0.915,12
2018,0.8508333333333333333333333333,12
2019,0.98,12
