start_year,end_year,mean_anomaly_celsius,months
1880,1889,-0.217,120
1890,1899,-0.24225,120
1900,1909,-0.3204166666666666666666666667,120
1910,1919,-0.3351666666666666666666666667,120
1920,1929,-0.2403333333333333333333333333,120
1930,1939,-0.1249166666666666666666666667,120
1940,1949,0.04258333333333333333333333333,120
1950,1959,-0.04791666666666666666666666667,120
1960,1969,-0.03008333333333333333333333333,120
1970,1979,0.0345,120
1980,1989,0.24725,120
1990,1999,0.3870833333333333333333333333,120
2000,2009,0.5888333333333333333333333333,120
2010,2019,0.8060833333333333333333333333,120
