decade,mean_anomaly_celsius,monthly_min,monthly_max,months
1880,-0.217,-0.72,0.16,120
1890,-0.24225,-0.81,0.12,120
1900,-0.3204166666666666666666666667,-0.74,0.09,120
1910,-0.3351666666666666666666666667,-0.82,0.06,120
1920,-0.2403333333333333333333333333,-0.58,0.21,120
1930,-0.1249166666666666666666666667,-0.45,0.42,120
1940,0.04258333333333333333333333333,-0.31,0.36,120
1950,-0.04791666666666666666666666667,-0.41,0.39,120
1960,-0.03008333333333333333333333333,-0.35,0.24,120
1970,0.0345,-0.27,0.47,120
1980,0.24725,-0.04,0.57,120
1990,0.3870833333333333333333333333,-0.01,0.88,120
2000,0.5888333333333333333333333333,0.25,1.01,120
2010,0.8060833333333333333333333333,0.45,1.37,120
