country,year,source,generation_twh,total_twh,percent
France,2024,Coal,1.020,561.780,0.1815657374773042828153369646
France,2024,Gas,18.100,561.780,3.221901812097262273487842216
France,2024,Oil,9.540,561.780,1.698173662287728292214033963
France,2024,Nuclear,380.450,561.780,67.72224002278471999715191000
France,2024,Hydro,71.120,561.780,12.65976004841752999394780875
France,2024,Wind,45.430,561.780,8.086795542739150557157606180
France,2024,Solar,24.870,561.780,4.426999893196625013350421873
France,2024,Bioenergy,10.680,561.780,1.901100074762362490654704689
France,2024,Other renew.,0.570,561.780,0.1014632062373170992203353626
Norway,2024,Coal,0.000,157.110,0
Norway,2024,Gas,1.470,157.110,0.9356501814015657819362230285
Norway,2024,Oil,0.720,157.110,0.4582776398701546687034561772
Norway,2024,Nuclear,0.000,157.110,0
Norway,2024,Hydro,139.550,157.110,88.82311756094456113551015212
Norway,2024,Wind,14.600,157.110,9.292852141811469670931194704
Norway,2024,Solar,0.530,157.110,0.3373432626821971866844885749
Norway,2024,Bioenergy,0.240,157.110,0.1527592132900515562344853924
Norway,2024,Other renew.,0.000,157.110,0
Poland,2024,Coal,93.500,172.120,54.32256565187078782244945387
Poland,2024,Gas,20.460,172.120,11.88705554264466651173599814
Poland,2024,Oil,4.550,172.120,2.643504531722054380664652568
Poland,2024,Nuclear,0.000,172.120,0
Poland,2024,Hydro,2.110,172.120,1.225888914710666976528003718
Poland,2024,Wind,25.890,172.120,15.04183128050197536602370439
Poland,2024,Solar,17.660,172.120,10.26028352312340227748082733
Poland,2024,Bioenergy,7.950,172.120,4.618870555426446665117359981
Poland,2024,Other renew.,0.000,172.120,0
Denmark,2024,Coal,1.750,35.060,4.991443240159726183685111238
Denmark,2024,Gas,0.910,35.060,2.595550484883057615516257844
Denmark,2024,Oil,1.130,35.060,3.223046206503137478608100399
Denmark,2024,Nuclear,0.000,35.060,0
Denmark,2024,Hydro,0.020,35.060,0.05704506560182544209925841415
Denmark,2024,Wind,20.410,35.060,58.21448944666286366229321164
Denmark,2024,Solar,3.780,35.060,10.78151739874500855675984027
Denmark,2024,Bioenergy,7.060,35.060,20.13690815744438106103822019
Denmark,2024,Other renew.,0.000,35.060,0
Germany,2024,Coal,106.330,495.990,21.43793221637533014778523761
Germany,2024,Gas,78.410,495.990,15.80878646746910219964112180
Germany,2024,Oil,20.390,495.990,4.110969979233452287344502913
Germany,2024,Nuclear,0.000,495.990,0
Germany,2024,Hydro,23.830,495.990,4.804532349442529083247646122
Germany,2024,Wind,141.600,495.990,28.54896268069920764531542975
Germany,2024,Solar,74.130,495.990,14.94586584406943688380814129
Germany,2024,Bioenergy,51.080,495.990,10.29859472973245428335248695
Germany,2024,Other renew.,0.220,495.990,0.04435573297848746950543357729
Spain,2024,Coal,2.580,280.940,0.9183455542108635295792695949
Spain,2024,Gas,52.340,280.940,18.63031252224674307681355450
Spain,2024,Oil,10.410,280.940,3.705417526874065636790773831
Spain,2024,Nuclear,54.530,280.940,19.40983839965829002634014380
Spain,2024,Hydro,34.410,280.940,12.24816686837047056310956076
Spain,2024,Wind,62.200,280.940,22.13995871004484943404285613
Spain,2024,Solar,58.290,280.940,20.74820246315939346479675376
Spain,2024,Bioenergy,6.170,280.940,2.196198476543034099807788140
Spain,2024,Other renew.,0.010,280.940,0.003559478892290168719299494554
Italy,2024,Coal,3.950,267.560,1.476304380325908207504858723
Italy,2024,Gas,118.590,267.560,44.32276872477201375392435342
Italy,2024,Oil,10.780,267.560,4.029002840484377335924652414
Italy,2024,Nuclear,0.000,267.560,0
Italy,2024,Hydro,53.130,267.560,19.85722828524443115562864404
Italy,2024,Wind,22.220,267.560,8.304679324263716549558977426
Italy,2024,Solar,35.990,267.560,13.45118851846314845268351024
Italy,2024,Bioenergy,17.230,267.560,6.439677081776050231723725520
Italy,2024,Other renew.,5.670,267.560,2.119150844670354313051278218
Sweden,2024,Coal,0.000,172.150,0
Sweden,2024,Gas,0.110,172.150,0.06389776357827476038338658147
Sweden,2024,Oil,1.970,172.150,1.144350856810920708684286959
Sweden,2024,Nuclear,50.670,172.150,29.43363345919256462387452803
Sweden,2024,Hydro,64.610,172.150,37.53122277083938425791460935
Sweden,2024,Wind,40.450,172.150,23.49695033401103688643624746
Sweden,2024,Solar,4.160,172.150,2.416497240778390938135347081
Sweden,2024,Bioenergy,10.180,172.150,5.913447574789427824571594540
Sweden,2024,Other renew.,0.000,172.150,0
