country,year,total_twh,source,twh,percent,unit_count
France,2024,561.780,Coal,1.020,0.1815657374773042828153369646,0
France,2024,561.780,Gas,18.100,3.221901812097262273487842216,3
France,2024,561.780,Oil,9.540,1.698173662287728292214033963,2
France,2024,561.780,Nuclear,380.450,67.72224002278471999715191000,68
France,2024,561.780,Hydro,71.120,12.65976004841752999394780875,13
France,2024,561.780,Wind,45.430,8.086795542739150557157606180,8
France,2024,561.780,Solar,24.870,4.426999893196625013350421873,4
France,2024,561.780,Bioenergy,10.680,1.901100074762362490654704689,2
France,2024,561.780,Other renew.,0.570,0.1014632062373170992203353626,0
Norway,2024,157.110,Coal,0.000,0,0
Norway,2024,157.110,Gas,1.470,0.9356501814015657819362230285,1
Norway,2024,157.110,Oil,0.720,0.4582776398701546687034561772,1
Norway,2024,157.110,Nuclear,0.000,0,0
Norway,2024,157.110,Hydro,139.550,88.82311756094456113551015212,89
Norway,2024,157.110,Wind,14.600,9.292852141811469670931194704,9
Norway,2024,157.110,Solar,0.530,0.3373432626821971866844885749,0
Norway,2024,157.110,Bioenergy,0.240,0.1527592132900515562344853924,0
Norway,2024,157.110,Other renew.,0.000,0,0
Poland,2024,172.120,Coal,93.500,54.32256565187078782244945387,54
Poland,2024,172.120,Gas,20.460,11.88705554264466651173599814,12
Poland,2024,172.120,Oil,4.550,2.643504531722054380664652568,3
Poland,2024,172.120,Nuclear,0.000,0,0
Poland,2024,172.120,Hydro,2.110,1.225888914710666976528003718,1
Poland,2024,172.120,Wind,25.890,15.04183128050197536602370439,15
Poland,2024,172.120,Solar,17.660,10.26028352312340227748082733,10
Poland,2024,172.120,Bioenergy,7.950,4.618870555426446665117359981,5
Poland,2024,172.120,Other renew.,0.000,0,0
Denmark,2024,35.060,Coal,1.750,4.991443240159726183685111238,5
Denmark,2024,35.060,Gas,0.910,2.595550484883057615516257844,3
Denmark,2024,35.060,Oil,1.130,3.223046206503137478608100399,3
Denmark,2024,35.060,Nuclear,0.000,0,0
Denmark,2024,35.060,Hydro,0.020,0.05704506560182544209925841415,0
Denmark,2024,35.060,Wind,20.410,58.21448944666286366229321164,58
Denmark,2024,35.060,Solar,3.780,10.78151739874500855675984027,11
Denmark,2024,35.060,Bioenergy,7.060,20.13690815744438106103822019,20
Denmark,2024,35.060,Other renew.,0.000,0,0
